100,0.001056332966856638,-0.56794366703314325,0.001056332966856638,-2.808943667033144,0.001056332966856638,3.0380563329668564,0.74205633296685658,0.021932715794047469,0.021932715794048062,0.021932715794047469,0.021932715794049921,0.021932715794047469,0.021932715794049921,0.021932715794048062,0.13148076153197072,0.13148076153197236,0.13148076153197072,0.13148076153186822,0.13148076153197072,0.13148076153186822,0.13148076153197236,1,0
200,0.0035047666871146376,-0.56549523331288531,0.0035047666871146376,-2.8064952333128854,0.0035047666871146376,3.040504766687115,0.74450476668711496,0.024670964964861403,0.024670964964861531,0.024670964964861403,0.024670964964860525,0.024670964964861403,0.024670964964860525,0.024670964964861531,-0.017484324365437648,-0.017484324365445416,-0.017484324365437648,-0.017484324365449996,-0.017484324365437648,-0.017484324365449996,-0.017484324365445416,1,0
300,0.0059124863365710486,-0.56308751366342913,0.0059124863365710486,-2.8040875136634282,0.0059124863365710486,3.0429124863365717,0.74691248633657137,0.02379648287782073,0.023796482877820636,0.02379648287782073,0.023796482877822208,0.02379648287782073,0.023796482877822208,0.023796482877820636,-0.0014107138994326443,-0.0014107138994107903,-0.0014107138994326443,-0.0014107138994852808,-0.0014107138994326443,-0.0014107138994852808,-0.0014107138994107903,1,0
400,0.0082919638649101499,-0.56070803613509013,0.0082919638649101499,-2.8017080361350888,0.0082919638649101499,3.0452919638649121,0.74929196386491026,0.023842187484600864,0.023842187484601006,0.023842187484600864,0.02384218748460408,0.023842187484600864,0.02384218748460408,0.023842187484601006,0.0010847411031228117,0.0010847411031206988,0.0010847411031228117,0.0010847411031235763,0.0010847411031228117,0.0010847411031235763,0.0010847411031206988,1,0
500,0.010676017895091578,-0.55832398210490897,0.010676017895091578,-2.799323982104907,0.010676017895091578,3.0476760178950935,0.75167601789509142,0.023855543830534991,0.023855543830534752,0.023855543830534991,0.023855543830532528,0.023855543830534991,0.023855543830532528,0.023855543830534752,0.001177504110929194,0.0011775041109497327,0.001177504110929194,0.0011775041110359667,0.001177504110929194,0.0011775041110359667,0.0011775041109497327,1,0
600,0.01306017226714476,-0.55593982773285566,0.01306017226714476,-2.7969398277328552,0.01306017226714476,3.0500601722671461,0.75406017226714461,0.02384955385955187,0.023849553859552584,0.02384955385955187,0.023849553859553653,0.02384955385955187,0.023849553859553653,0.023849553859552584,0.0017027790889118386,0.0017027790889091723,0.0017027790889118386,0.0017027790890149755,0.0017027790889118386,0.0017027790890149755,0.0017027790889091723,1,0
700,0.015444211409638612,-0.55355578859036159,0.015444211409638612,-2.7945557885903609,0.015444211409638612,3.05244421140964,0.75644421140963836,0.023845804845305778,0.023845804845305608,0.023845804845305778,0.023845804845306916,0.023845804845305778,0.023845804845306916,0.023845804845305608,0.0020346391663060509,0.0020346391663072167,0.0020346391663060509,0.0020346391661857587,0.0020346391663060509,0.0020346391661857587,0.0020346391663072167,1,0
800,0.017828271873990182,-0.5511717281260099,0.017828271873990182,-2.7921717281260081,0.017828271873990182,3.0548282718739892,0.75882827187398982,0.023841633393621418,0.023841633393622171,0.023841633393621418,0.023841633393621227,0.023841633393621418,0.023841633393621227,0.023841633393622171,0.0021786610037785414,0.0021786610037961263,0.0021786610037785414,0.0021786610036675863,0.0021786610037785414,0.0021786610036675863,0.0021786610037961263,1,0
900,0.02021234223457483,-0.54878765776542504,0.02021234223457483,-2.7897876577654239,0.02021234223457483,3.0572123422345743,0.76121234223457412,0.023837270919251915,0.0238372709192517,0.023837270919251915,0.023837270919247068,0.023837270919251915,0.023837270919247068,0.0238372709192517,0.0021437394169431731,0.0021437394169484306,0.0021437394169431731,0.0021437394170766813,0.0021437394169431731,0.0021437394170766813,0.0021437394169484306,1,0
1000,0.022596420632087878,-0.54640357936791195,0.022596420632087878,-2.7874035793679113,0.022596420632087878,3.0595964206320869,0.76359642063208721,0.023833172115728433,0.023833172115729176,0.023833172115728433,0.023833172115727809,0.023833172115728433,0.023833172115727809,0.023833172115729176,0.0019232363218420708,0.0019232363218427552,0.0019232363218420708,0.0019232363219030182,0.0019232363218420708,0.0019232363219030182,0.0019232363218427552,1,0
1100,0.024980506689973384,-0.54401949331002664,0.024980506689973384,-2.7850194933100267,0.024980506689973384,3.0619805066899723,0.76598050668997275,0.023829704669548649,0.02382970466954876,0.023829704669548649,0.023829704669548153,0.023829704669548649,0.023829704669548153,0.02382970466954876,0.0015123987686727815,0.0015123987686710269,0.0015123987686727815,0.0015123987686297834,0.0015123987686727815,0.0015123987686297834,0.0015123987686710269,1,0
1200,0.027364598739966332,-0.5416354012600334,0.027364598739966332,-2.7826354012600336,0.027364598739966332,3.0643645987399664,0.76836459873996599,0.023827252754758242,0.023827252754758221,0.023827252754758242,0.023827252754757694,0.023827252754758242,0.023827252754757694,0.023827252754758221,0.00090660805901622175,0.00090660805900832605,0.00090660805901622175,0.00090660805896210185,0.00090660805901622175,0.00090660805896210185,0.00090660805900832605,1,0
1300,0.029748694348150518,-0.53925130565184931,0.029748694348150518,-2.7802513056518503,0.029748694348150518,3.0667486943481497,0.77074869434815008,0.023826211297809291,0.023826211297810106,0.023826211297809291,0.023826211297812521,0.023826211297809291,0.023826211297812521,0.023826211297810106,0.00010118294055642377,0.00010118294056991385,0.00010118294055642377,0.00010118294059142388,0.00010118294055642377,0.00010118294059142388,0.00010118294056991385,1,0
1400,0.032132790292999015,-0.53686720970700086,0.032132790292999015,-2.7778672097070025,0.032132790292999015,3.0691327902929975,0.77313279029299875,0.023826984227601256,0.02382698422760152,0.023826984227601256,0.023826984227602339,0.023826984227601256,0.023826984227602339,0.02382698422760152,-0.000908553075904429,-0.0009085530759063965,-0.000908553075904429,-0.00090855307575746496,-0.000908553075904429,-0.00090855307575746496,-0.0009085530759063965,1,0
1500,0.034516882534009148,-0.53448311746599053,0.034516882534009148,-2.775483117465992,0.034516882534009148,3.0715168825340076,0.77551688253400919,0.0238299848354744,0.023829984835475524,0.0238299848354744,0.023829984835475427,0.0238299848354744,0.023829984835475427,0.023829984835475524,-0.002127275578462341,-0.0021272755785018628,-0.002127275578462341,-0.0021272755785324117,-0.002127275578462341,-0.0021272755785324117,-0.0021272755785018628,1,0
1600,0.036900966194690708,-0.53209903380530887,0.036900966194690708,-2.7730990338053121,0.036900966194690708,3.0739009661946897,0.77790096619469062,0.023835635771384044,0.02383563577138471,0.023835635771384044,0.023835635771380446,0.023835635771384044,0.023835635771380446,0.02383563577138471,-0.0035596603867713889,-0.0035596603867930629,-0.0035596603867713889,-0.0035596603866188199,-0.0035596603867713889,-0.0035596603866188199,-0.0035596603867930629,1,0
1700,0.039285035801099058,-0.52971496419890052,0.039285035801099058,-2.7707149641989046,0.039285035801099058,3.0762850358010962,0.78028503580109898,0.023843596764187805,0.023843596764187673,0.023843596764187805,0.023843596764187749,0.023843596764187805,0.023843596764187749,0.023843596764187673,-0.0036625281572313971,-0.0036625281572278201,-0.0036625281572313971,-0.0036625281572583465,-0.0036625281572313971,-0.0036625281572583465,-0.0036625281572278201,1,0
1800,0.041669090965045036,-0.5273309090349545,0.041669090965045036,-2.7683309090349604,0.041669090965045036,3.0786690909650405,0.78266909096504522,0.023849615919976985,0.023849615919978005,0.023849615919976985,0.023849615919976998,0.023849615919976985,0.023849615919976998,0.023849615919978005,-0.0023809381480423683,-0.0023809381480583564,-0.0023809381480423683,-0.0023809381480597207,-0.0023809381480423683,-0.0023809381480597207,-0.0023809381480583564,1,0
1900,0.04405313655583807,-0.52494686344416153,0.04405313655583807,-2.7659468634441686,0.04405313655583807,3.0810531365558322,0.78505313655583875,0.023853219317446779,0.023853219317447875,0.023853219317446779,0.023853219317446876,0.023853219317446779,0.023853219317446876,0.023853219317447875,-0.0012475491391620956,-0.0012475491391796853,-0.0012475491391620956,-0.0012475491391842641,-0.0012475491391620956,-0.0012475491391842641,-0.0012475491391796853,1,0
2000,0.04643717710547559,-0.52256282289452383,0.04643717710547559,-2.7635628228945333,0.04643717710547559,3.0834371771054685,0.78743717710547645,0.023854708034405633,0.023854708034406768,0.023854708034405633,0.023854708034405779,0.023854708034405633,0.023854708034405779,0.023854708034406768,-0.00026703693835316167,-0.00026703693837051368,-0.00026703693835316167,-0.00026703693837847563,-0.00026703693835316167,-0.00026703693837847563,-0.00026703693837051368,1,0
2100,0.047564714359536124,-0.52143528564046315,0.047564714359536124,-2.7624352856404739,0.047564714359536124,3.0845647143595274,0.78856471435953701,-0.0077124498675186469,-0.0077124498675175844,-0.0077124498675186469,-0.0077124498675211987,-0.0077124498675186469,-0.0077124498675211987,-0.0077124498675175844,-0.39126248572778194,-0.39126248572779726,-0.39126248572778194,-0.39126248572769462,-0.39126248572778194,-0.39126248572769462,-0.39126248572779726,1,0
2200,0.045551878085293845,-0.52344812191470524,0.045551878085293845,-2.7644481219147163,0.045551878085293845,3.0825518780852841,0.78655187808529492,-0.025551919012170729,-0.025551919012170566,-0.025551919012170729,-0.025551919012172075,-0.025551919012170729,-0.025551919012172075,-0.025551919012170566,-0.0093532611227925798,-0.0093532611228105966,-0.0093532611227925798,-0.0093532611227839998,-0.0093532611227925798,-0.0093532611227839998,-0.0093532611228105966,1,0
2300,0.043067222593945027,-0.52593277740605426,0.043067222593945027,-2.7669327774060655,0.043067222593945027,3.0800672225939358,0.7840672225939459,-0.024020148676388936,-0.024020148676389168,-0.024020148676388936,-0.024020148676388756,-0.024020148676388936,-0.024020148676388756,-0.024020148676389168,0.0086490273671995955,0.0086490273671830844,0.0086490273671995955,0.0086490273672622728,0.0086490273671995955,0.0086490273672622728,0.0086490273671830844,1,0
2400,0.040687072397301141,-0.52831292760269821,0.040687072397301141,-2.7693129276027091,0.040687072397301141,3.0776870723972918,0.78168707239730173,-0.023783440890451788,-0.023783440890451868,-0.023783440890451788,-0.02378344089045395,-0.023783440890451788,-0.02378344089045395,-0.023783440890451868,-0.0031476767751428439,-0.0031476767751619492,-0.0031476767751428439,-0.003147676775148686,-0.0031476767751428439,-0.003147676775148686,-0.0031476767751619492,1,0
2500,0.038304929619629197,-0.53069507038037012,0.038304929619629197,-2.77169507038038,0.038304929619629197,3.0753049296196191,0.77930492961962949,-0.02384548276206587,-0.023845482762065537,-0.02384548276206587,-0.023845482762067334,-0.02384548276206587,-0.023845482762067334,-0.023845482762065537,-0.0022859529180502772,-0.0022859529180269894,-0.0022859529180502772,-0.0022859529180993448,-0.0022859529180502772,-0.0022859529180993448,-0.0022859529180269894,1,0
2600,0.035920521562886387,-0.53307947843711279,0.035920521562886387,-2.7740794784371232,0.035920521562886387,3.0729205215628754,0.77692052156288649,-0.023838275293663964,-0.023838275293664436,-0.023838275293663964,-0.023838275293665369,-0.023838275293663964,-0.023838275293665369,-0.023838275293664436,-0.0021032928554483086,-0.0021032928554284591,-0.0021032928554483086,-0.0021032928553618145,-0.0021032928554483086,-0.0021032928553618145,-0.0021032928554284591,1,0
2700,0.033536440153818778,-0.53546355984618055,0.033536440153818778,-2.7764635598461909,0.033536440153818778,3.0705364401538087,0.77453644015381939,-0.023832952097237962,-0.023832952097238555,-0.023832952097237962,-0.023832952097237872,-0.023832952097237962,-0.023832952097237872,-0.02383295209723716,-0.0019258212319152681,-0.001925821231873767,-0.0019258212319152681,-0.0019258212318373157,-0.0019258212319152681,-0.0019258212318373157,-0.0019258212319293224,1,0
2800,0.031152362585980177,-0.53784763741401898,0.031152362585980177,-2.778847637414029,0.031152362585980177,3.0681523625859706,0.77215236258598086,-0.023829708583646889,-0.02382970858364614,-0.023829708583646889,-0.023829708583650459,-0.023829708583646889,-0.023829708583650459,-0.02382970858364614,-0.0015130436139511967,-0.0015130436139912324,-0.0015130436139511967,-0.0015130436139703944,-0.0015130436139511967,-0.0015130436139703944,-0.0015130436139912324,1,0
2900,0.028768269526534804,-0.54023173047346451,0.028768269526534804,-2.7812317304734742,0.028768269526534804,3.0657682695265258,0.76976826952653532,-0.023827257533758639,-0.023827257533758285,-0.023827257533758639,-0.023827257533761834,-0.023827257533758639,-0.023827257533761834,-0.023827257533758285,-0.00090646251222316072,-0.00090646251224380295,-0.00090646251222316072,-0.00090646251215188885,-0.00090646251222316072,-0.00090646251215188885,-0.00090646251224380295,1,0
3000,0.026384173843193571,-0.54261582615680592,0.026384173843193571,-2.7836158261568147,0.026384173843193571,3.0633841738431857,0.76738417384319424,-0.023826210595589415,-0.023826210595589172,-0.023826210595589415,-0.023826210595591372,-0.023826210595589415,-0.023826210595591372,-0.023826210595589172,-0.00010118614311229097,-0.00010118614310791665,-0.00010118614311229097,-0.00010118614310235935,-0.00010118614311229097,-0.00010118614310235935,-0.00010118614310791665,1,0
3100,0.024000077932146955,-0.54499992206785242,0.024000077932146955,-2.785999922067862,0.024000077932146955,3.0610000779321385,0.76500007793214753,-0.023826984202237257,-0.023826984202237934,-0.023826984202237257,-0.023826984202237937,-0.023826984202237257,-0.023826984202237937,-0.023826984202237934,0.00090854996501753575,0.00090854996503466473,0.00090854996501753575,0.00090854996503265896,0.00090854996501753575,0.00090854996503265896,0.00090854996503466473,1,0
3200,0.021615985688634418,-0.5473840143113653,0.021615985688634418,-2.7883840143113749,0.021615985688634418,3.0586159856886246,0.76261598568863498,-0.023829984855587846,-0.023829984855586624,-0.023829984855587846,-0.023829984855586527,-0.023829984855587846,-0.023829984855586527,-0.023829984855586624,0.0021272760608574697,0.0021272760608271085,0.0021272760608574697,0.0021272760608576561,0.0021272760608574697,0.0021272760608576561,0.0021272760608271085,1,0
3300,0.019231902027460362,-0.54976809797253923,0.019231902027460362,-2.7907680979725491,0.019231902027460362,3.0562319020274527,0.76023190202746094,-0.023835635769429306,-0.023835635769430707,-0.023835635769429306,-0.023835635769430819,-0.023835635769429306,-0.023835635769430819,-0.023835635769430707,0.0035596603992709332,0.0035596603993219627,0.0035596603992709332,0.0035596603992187671,0.0035596603992709332,0.0035596603992187671,0.0035596603993219627,1,0
3400,0.016847832421174807,-0.55215216757882468,0.016847832421174807,-2.7931521675788344,0.016847832421174807,3.0538478324211655,0.75784783242117537,-0.023843596763952868,-0.023843596763953111,-0.023843596763952868,-0.023843596763952795,-0.023843596763952868,-0.023843596763952795,-0.023843596763953111,0.0036625281439615753,0.0036625281439651471,0.0036625281439615753,0.003662528143920291,0.0036625281439615753,0.003662528143920291,0.0036625281439651471,1,0
3500,0.014463777257225018,-0.55453622274277437,0.014463777257225018,-2.7955362227427858,0.014463777257225018,3.0514637772572151,0.75546377725722569,-0.023849615920054055,-0.023849615920053645,-0.023849615920054055,-0.02384961592005554,-0.023849615920054055,-0.02384961592005554,-0.023849615920053645,0.0023809381494122477,0.0023809381494037342,0.0023809381494122477,0.0023809381494225854,0.0023809381494122477,0.0023809381494225854,0.0023809381494037342,1,0
3600,0.012079731666429522,-0.55692026833356989,0.012079731666429522,-2.7979202683335807,0.012079731666429522,3.049079731666422,0.75307973166643039,-0.023853219317442585,-0.023853219317442807,-0.023853219317442585,-0.023853219317440014,-0.023853219317442585,-0.023853219317440014,-0.023853219317442807,0.0012475491393044535,0.001247549139283979,0.0012475491393044535,0.0012475491392621124,0.0012475491393044535,0.0012475491392621124,0.001247549139283979,1,0
3700,0.0096956911167923911,-0.55930430888320715,0.0096956911167923911,-2.8003043088832169,0.0096956911167923911,3.0466956911167848,0.75069569111679324,-0.023854708034404301,-0.023854708034404763,-0.023854708034404301,-0.023854708034402882,-0.023854708034404301,-0.023854708034402882,-0.023854708034404763,0.00026703693830283171,0.00026703693829597825,0.00026703693830283171,0.00026703693821339284,0.00026703693830283171,0.00026703693821339284,0.00026703693829597825,1,0
3800,0.0073116516878201582,-0.5616883483121794,0.0073116516878201582,-2.80268834831219,0.0073116516878201582,3.0443116516878144,0.74831165168782077,-0.023854392500277662,-0.023854392500278571,-0.023854392500277662,-0.023854392500277599,-0.023854392500277662,-0.023854392500277599,-0.023854392500278571,-0.00055592264663721462,-0.00055592264662266203,-0.00055592264663721462,-0.00055592264661115083,-0.00055592264663721462,-0.00055592264661115083,-0.00055592264662266203,1,0
3900,0.0049276100892334572,-0.56407238991076614,0.0049276100892334572,-2.8050723899107748,0.0049276100892334572,3.0419276100892305,0.74592761008923392,-0.023852592496101437,-0.023852592496102651,-0.023852592496101437,-0.023852592496101711,-0.023852592496101437,-0.023852592496101711,-0.023852592496102651,-0.0012166538080694025,-0.0012166538080533515,-0.0012166538080694025,-0.001216653808038123,-0.0012166538080694025,-0.001216653808038123,-0.0012166538080533515,1,0
4000,0.0025435636796662837,-0.56645643632033382,0.0025435636796662837,-2.8074564363203409,0.0025435636796662837,3.0395435636796648,0.74354356367966679,-0.023849637154532644,-0.023849637154533899,-0.023849637154532644,-0.023849637154532987,-0.023849637154532644,-0.023849637154532987,-0.023849637154533899,-0.0017104807381919651,-0.0017104807381750616,-0.0017104807381919651,-0.001710480738155944,-0.0017104807381919651,-0.001710480738155944,-0.0017104807381750616,1,0
4100,0.00031413845483596917,-0.56868586154516376,0.00031413845483596917,-2.8096858615451712,0.00031413845483596917,3.0373141384548337,0.74131413845483629,-0.018284792939292333,-0.018284792939291999,-0.018284792939292333,-0.018284792939293311,-0.018284792939292333,-0.018284792939293311,-0.018284792939291999,0.13579271729016129,0.13579271729016881,0.13579271729016129,0.13579271729014855,0.13579271729016129,0.13579271729014855,0.13579271729016881,2,6
4200,-0.00068696448932006665,-0.56968696448931977,-0.00068696448932006665,-2.8106869644893275,-0.00068696448932006665,3.0363130355106773,0.74031303551068028,-0.0018752893855937382,-0.00187528938559363,-0.0018752893855937382,-0.0018752893855940253,-0.0018752893855937382,-0.0018752893855940253,-0.00187528938559363,0.1177700446457139,0.11777004464570763,0.1177700446457139,0.11777004464573038,0.1177700446457139,0.11777004464573038,0.11777004464570763,2,6
4300,-0.00070591911849568999,-0.56970591911849544,-0.00070591911849568999,-2.8107059191185026,-0.00070591911849568999,3.0362940808815018,0.74029408088150461,0,0,0,0,0,0,0,0,0,0,0,0,0,0,3,6
4400,-0.00070591911849568999,-0.56970591911849544,-0.00070591911849568999,-2.8107059191185026,-0.00070591911849568999,3.0362940808815018,0.74029408088150461,0,0,0,0,0,0,0,0,0,0,0,0,0,0,3,6
4500,-0.00070591911849568999,-0.56970591911849544,-0.00070591911849568999,-2.8107059191185026,-0.00070591911849568999,3.0362940808815018,0.74029408088150461,0,0,0,0,0,0,0,0,0,0,0,0,0,0,3,6
4600,-0.00070591911849568999,-0.56970591911849544,-0.00070591911849568999,-2.8107059191185026,-0.00070591911849568999,3.0362940808815018,0.74029408088150461,0,0,0,0,0,0,0,0,0,0,0,0,0,0,3,6
4700,-0.00070591911849568999,-0.56970591911849544,-0.00070591911849568999,-2.8107059191185026,-0.00070591911849568999,3.0362940808815018,0.74029408088150461,0,0,0,0,0,0,0,0,0,0,0,0,0,0,3,6
4800,-0.00070591911849568999,-0.56970591911849544,-0.00070591911849568999,-2.8107059191185026,-0.00070591911849568999,3.0362940808815018,0.74029408088150461,0,0,0,0,0,0,0,0,0,0,0,0,0,0,3,6
4900,-0.00070591911849568999,-0.56970591911849544,-0.00070591911849568999,-2.8107059191185026,-0.00070591911849568999,3.0362940808815018,0.74029408088150461,0,0,0,0,0,0,0,0,0,0,0,0,0,0,3,6
5000,-0.00070591911849568999,-0.56970591911849544,-0.00070591911849568999,-2.8107059191185026,-0.00070591911849568999,3.0362940808815018,0.74029408088150461,0,0,0,0,0,0,0,0,0,0,0,0,0,0,3,6
